Workbook
Name cnsipee_ejer_func_Tableau: TEMP!$A$1:$J$65

Sheet TEMP
A1: year | B1: population | C1: crime | D1: gender | E1: state | F1: Centro especializado de tratamiento o internamiento para adolescentes | G1: Total | H1: value | I1: Porcentaje | J1: Tasa

Sheet REPORT
A1: num | B1: rango_fechas | C1: value | D1: rows_in | E1: rows_out | G1: num_fechas | H1: rango_fechas | I1: value | J1: rows_in | K1: rows_out | M1: FECHAS
A2: 1 | B2: {=IFERROR(INDEX(TEMP!$A$2:$A$10000,MATCH(0,COUNTIF($B$1:B1,TEMP!$A$2:$A$10000),0)),0)} -> 0 | C2: =SUMIF(TEMP!$A:$A,B2,TEMP!$H:$H) -> 0 | D2: =IF(LEN(Tabla1[[#This Row],[rango_fechas]]) > 0, COUNTIF(TEMP!$A:$A,B2), 0) -> 0 | E2: =IF(Tabla1[[#This Row],[value]] > 1, 64, 0) -> 0 | G2: =COUNTIF(B2:B31,"<>0") -> 0 | H2: ="[" & LOOKUP(2,1/(M2:M31<>""),M2:M31) & "]" -> [0] | I2: =SUM(Tabla1[value]) -> 0 | J2: =SUM(Tabla1[rows_in]) -> 0 | K2: =G2*64 -> 0 | L2: =SUM(Tabla1[rows_out]) -> 0 | M2: =IF(B2="","",B2) -> 0
A3: 2 | B3: {=IFERROR(INDEX(TEMP!$A$2:$A$10000,MATCH(0,COUNTIF($B$1:B2,TEMP!$A$2:$A$10000),0)),0)} -> 0 | C3: =SUMIF(TEMP!$A:$A,B3,TEMP!$H:$H) -> 0 | D3: =IF(LEN(Tabla1[[#This Row],[rango_fechas]]) > 0, COUNTIF(TEMP!$A:$A,B3), 0) -> 0 | E3: =IF(Tabla1[[#This Row],[value]] > 1, 64, 0) -> 0 | M3: =IF(B3=0,M2,M2&", "&B3) -> 0
A4: 3 | B4: {=IFERROR(INDEX(TEMP!$A$2:$A$10000,MATCH(0,COUNTIF($B$1:B3,TEMP!$A$2:$A$10000),0)),0)} -> 0 | C4: =SUMIF(TEMP!$A:$A,B4,TEMP!$H:$H) -> 0 | D4: =IF(LEN(Tabla1[[#This Row],[rango_fechas]]) > 0, COUNTIF(TEMP!$A:$A,B4), 0) -> 0 | E4: =IF(Tabla1[[#This Row],[value]] > 1, 64, 0) -> 0 | M4: =IF(B4=0,M3,M3&", "&B4) -> 0
A5: 4 | B5: {=IFERROR(INDEX(TEMP!$A$2:$A$10000,MATCH(0,COUNTIF($B$1:B4,TEMP!$A$2:$A$10000),0)),0)} -> 0 | C5: =SUMIF(TEMP!$A:$A,B5,TEMP!$H:$H) -> 0 | D5: =IF(LEN(Tabla1[[#This Row],[rango_fechas]]) > 0, COUNTIF(TEMP!$A:$A,B5), 0) -> 0 | E5: =IF(Tabla1[[#This Row],[value]] > 1, 64, 0) -> 0 | M5: =IF(B5=0,M4,M4&", "&B5) -> 0
A6: 5 | B6: {=IFERROR(INDEX(TEMP!$A$2:$A$10000,MATCH(0,COUNTIF($B$1:B5,TEMP!$A$2:$A$10000),0)),0)} -> 0 | C6: =SUMIF(TEMP!$A:$A,B6,TEMP!$H:$H) -> 0 | D6: =IF(LEN(Tabla1[[#This Row],[rango_fechas]]) > 0, COUNTIF(TEMP!$A:$A,B6), 0) -> 0 | E6: =IF(Tabla1[[#This Row],[value]] > 1, 64, 0) -> 0 | M6: =IF(B6=0,M5,M5&", "&B6) -> 0
A7: 6 | B7: {=IFERROR(INDEX(TEMP!$A$2:$A$10000,MATCH(0,COUNTIF($B$1:B6,TEMP!$A$2:$A$10000),0)),0)} -> 0 | C7: =SUMIF(TEMP!$A:$A,B7,TEMP!$H:$H) -> 0 | D7: =IF(LEN(Tabla1[[#This Row],[rango_fechas]]) > 0, COUNTIF(TEMP!$A:$A,B7), 0) -> 0 | E7: =IF(Tabla1[[#This Row],[value]] > 1, 64, 0) -> 0 | M7: =IF(B7=0,M6,M6&", "&B7) -> 0
A8: 7 | B8: {=IFERROR(INDEX(TEMP!$A$2:$A$10000,MATCH(0,COUNTIF($B$1:B7,TEMP!$A$2:$A$10000),0)),0)} -> 0 | C8: =SUMIF(TEMP!$A:$A,B8,TEMP!$H:$H) -> 0 | D8: =IF(LEN(Tabla1[[#This Row],[rango_fechas]]) > 0, COUNTIF(TEMP!$A:$A,B8), 0) -> 0 | E8: =IF(Tabla1[[#This Row],[value]] > 1, 64, 0) -> 0 | M8: =IF(B8=0,M7,M7&", "&B8) -> 0
A9: 8 | B9: {=IFERROR(INDEX(TEMP!$A$2:$A$10000,MATCH(0,COUNTIF($B$1:B8,TEMP!$A$2:$A$10000),0)),0)} -> 0 | C9: =SUMIF(TEMP!$A:$A,B9,TEMP!$H:$H) -> 0 | D9: =IF(LEN(Tabla1[[#This Row],[rango_fechas]]) > 0, COUNTIF(TEMP!$A:$A,B9), 0) -> 0 | E9: =IF(Tabla1[[#This Row],[value]] > 1, 64, 0) -> 0 | M9: =IF(B9=0,M8,M8&", "&B9) -> 0
A10: 9 | B10: {=IFERROR(INDEX(TEMP!$A$2:$A$10000,MATCH(0,COUNTIF($B$1:B9,TEMP!$A$2:$A$10000),0)),0)} -> 0 | C10: =SUMIF(TEMP!$A:$A,B10,TEMP!$H:$H) -> 0 | D10: =IF(LEN(Tabla1[[#This Row],[rango_fechas]]) > 0, COUNTIF(TEMP!$A:$A,B10), 0) -> 0 | E10: =IF(Tabla1[[#This Row],[value]] > 1, 64, 0) -> 0 | M10: =IF(B10=0,M9,M9&", "&B10) -> 0
A11: 10 | B11: {=IFERROR(INDEX(TEMP!$A$2:$A$10000,MATCH(0,COUNTIF($B$1:B10,TEMP!$A$2:$A$10000),0)),0)} -> 0 | C11: =SUMIF(TEMP!$A:$A,B11,TEMP!$H:$H) -> 0 | D11: =IF(LEN(Tabla1[[#This Row],[rango_fechas]]) > 0, COUNTIF(TEMP!$A:$A,B11), 0) -> 0 | E11: =IF(Tabla1[[#This Row],[value]] > 1, 64, 0) -> 0 | M11: =IF(B11=0,M10,M10&", "&B11) -> 0
A12: 11 | B12: {=IFERROR(INDEX(TEMP!$A$2:$A$10000,MATCH(0,COUNTIF($B$1:B11,TEMP!$A$2:$A$10000),0)),0)} -> 0 | C12: =SUMIF(TEMP!$A:$A,B12,TEMP!$H:$H) -> 0 | D12: =IF(LEN(Tabla1[[#This Row],[rango_fechas]]) > 0, COUNTIF(TEMP!$A:$A,B12), 0) -> 0 | E12: =IF(Tabla1[[#This Row],[value]] > 1, 64, 0) -> 0 | M12: =IF(B12=0,M11,M11&", "&B12) -> 0
A13: 12 | B13: {=IFERROR(INDEX(TEMP!$A$2:$A$10000,MATCH(0,COUNTIF($B$1:B12,TEMP!$A$2:$A$10000),0)),0)} -> 0 | C13: =SUMIF(TEMP!$A:$A,B13,TEMP!$H:$H) -> 0 | D13: =IF(LEN(Tabla1[[#This Row],[rango_fechas]]) > 0, COUNTIF(TEMP!$A:$A,B13), 0) -> 0 | E13: =IF(Tabla1[[#This Row],[value]] > 1, 64, 0) -> 0 | M13: =IF(B13=0,M12,M12&", "&B13) -> 0
A14: 13 | B14: {=IFERROR(INDEX(TEMP!$A$2:$A$10000,MATCH(0,COUNTIF($B$1:B13,TEMP!$A$2:$A$10000),0)),0)} -> 0 | C14: =SUMIF(TEMP!$A:$A,B14,TEMP!$H:$H) -> 0 | D14: =IF(LEN(Tabla1[[#This Row],[rango_fechas]]) > 0, COUNTIF(TEMP!$A:$A,B14), 0) -> 0 | E14: =IF(Tabla1[[#This Row],[value]] > 1, 64, 0) -> 0 | M14: =IF(B14=0,M13,M13&", "&B14) -> 0
... A31: 30 | B31: {=IFERROR(INDEX(TEMP!$A$2:$A$10000,MATCH(0,COUNTIF($B$1:B30,TEMP!$A$2:$A$10000),0)),0)} -> 0 | C31: =SUMIF(TEMP!$A:$A,B31,TEMP!$H:$H) -> 0 | D31: =IF(LEN(Tabla1[[#This Row],[rango_fechas]]) > 0, COUNTIF(TEMP!$A:$A,B31), 0) -> 0 | E31: =IF(Tabla1[[#This Row],[value]] > 1, 64, 0) -> 0 | M31: =IF(B31=0,M30,M30&", "&B31) -> 0
